{
    "Parameters": {
        "CrossReferenceStackName": "infra-prod",
        "S3ArtifactStore": "prod-bolddk-artifact",
        "EnvironmentName": "prod",
        "ImageId": "<<AMI-ID>>",
        "SSHKey": "bolddprod",
        "LightsOnTimeInCronTabFrm": "10 19 5 6 *",
        "LightsOutTimeInCronTabFrm": "50 19 5 6 *",
        "DatabaseEndpoint": "db-endpoint-address-prod",
        "DatabaseReaderEndpoint": "db-read-endpoint-address-prod",
        "DatabaseUsername": "app-user-prod",
        "DatabasePassword": "app-password-prod",
        "MemcacheEnpoint": "memcache-endpoint-address-prod",
        "MemcachePort": "memcache-endpoint-port-prod",
		"DomainName": "domain-prod",
        "InstanceType": "c4.xlarge",
        "MaxSize": "40",
        "DesiredCapacity": "2",
        "SCMinSize": "4",
		"AccessKeyId": "AccessKeyId",
		"SecretAccessKeyId": "SecretAccessKeyId",
		"S3Bucket": "static-bolddk-prod",
		"S3BucketMobile": "static-mobil-bolddk-prod",
		"S3BucketTmp": "tmp-bolddk-prod"
    }
}
