{
    "Parameters": {
        "CFTemplateRepo": "infra",
        "S3ArtifactStore": "bolddkprod",
        "DatabaseUsername": "db-user-prod",
        "DatabasePassword": "db-password-prod",
        "VPCCIDR": "10.11.0.0/16",
        "PublicSubnet1CIDR": "10.11.0.0/21",
        "PublicSubnet2CIDR": "10.11.8.0/21",
        "BastionSubnetCIDR": "10.11.120.0/21",
        "PrivateSubnet1CIDR": "10.11.128.0/19",
        "PrivateSubnet2CIDR": "10.11.160.0/19",
        "TagPrefix": "BoldProd",
        "Env": "prod",
        "Role": "Net",
        "AppId": "Bolddk-prod",
        "DBInstanceType": "db.t2.small",
        "BackupRetentionPeriod": "1",
        "SnapshotArn": "arn:aws:rds:eu-west-1:537764775217:cluster-snapshot:bold-pipeline-aurora56db-1tsmun3vdmp67-snapshot-bold-pipeline-aurora56db-1tsmun3v-databasecluster-v86b7m7i0sys-1u7i91oeozoik",
        "CacheNodeType": "cache.t2.small",
        "S3EdgeLambdaArtifactStore": "bolddkprod-lambda1",
        "PrivateSubnetCodeBuildCIDR":"10.11.224.0/24",
        "NatInstanceType": "t2.micro",
        "NATInstanceKeyPair":"boldprod",
        "KeyPair": "boldprod",
        "AppSourceGitRepo": "app-source-repo",
        "PackerAMIBuilderRepo": "packer-prod",
        "AppTestSuiteRepo": "testsuite",
        "AppBranchName": "master",
        "PackerBranchName": "master",
        "LambdaSourceRepo": "image-resize-prod",
        "ImgResizeStack": "EdgeLambda-prod"
    }
}
