[
    {
        "ParameterKey": "CFTemplateRepo",
        "ParameterValue": "infra"
    },
    {
        "ParameterKey": "S3ArtifactStore",
        "ParameterValue": "bolddkprod"
    },
    {
        "ParameterKey": "DatabaseUsername",
        "ParameterValue": "db-user-prod"
    },
    {
        "ParameterKey": "DatabasePassword",
        "ParameterValue": "db-password-prod"
    },
    {
        "ParameterKey": "VPCCIDR",
        "ParameterValue": "10.11.0.0/16"
  },
  {
        "ParameterKey": "PublicSubnet1CIDR",
        "ParameterValue": "10.11.0.0/21"
  },
  {
        "ParameterKey": "PublicSubnet2CIDR",
        "ParameterValue": "10.11.8.0/21"
  },
  {
        "ParameterKey": "BastionSubnetCIDR",
        "ParameterValue": "10.11.120.0/21"
  },
  {
        "ParameterKey": "PrivateSubnet1CIDR",
        "ParameterValue": "10.11.128.0/19"
  },
  {
        "ParameterKey": "PrivateSubnet2CIDR",
        "ParameterValue": "10.11.160.0/19"
  },
  {
        "ParameterKey": "TagPrefix",
         "ParameterValue": "BoldProd"
  },
  {
         "ParameterKey": "Env",
         "ParameterValue": "prod"
  },
  {
        "ParameterKey": "Role",
         "ParameterValue": "Net"
  },
  {
         "ParameterKey": "AppId",
         "ParameterValue": "Bolddk-prod"
  },
  {
         "ParameterKey": "DBInstanceType",
         "ParameterValue": "db.t2.medium"
  },
  {
         "ParameterKey": "BackupRetentionPeriod",
         "ParameterValue": "7"
  },
  {
         "ParameterKey": "SnapshotArn",
         "ParameterValue": "arn:aws:rds:eu-west-1:537764775217:cluster-snapshot:bold-pipeline-aurora56db-1tsmun3vdmp67-snapshot-bold-pipeline-aurora56db-1tsmun3v-databasecluster-v86b7m7i0sys-1u7i91oeozoik"
  },
  {
         "ParameterKey": "CacheNodeType",
         "ParameterValue": "cache.t2.small"
  },
  {
         "ParameterKey": "S3EdgeLambdaArtifactStore",
         "ParameterValue": "bolddkprod-lambda1"
  },
  {
         "ParameterKey": "PrivateSubnetCodeBuildCIDR",
         "ParameterValue": "10.11.224.0/24"
  },
  {
         "ParameterKey": "NatInstanceType",
         "ParameterValue": "t2.micro"
   },
   {
         "ParameterKey": "NATInstanceKeyPair",
         "ParameterValue": "boldprod"
   },
   {
         "ParameterKey": "KeyPair",
         "ParameterValue": "boldprod"
   },
   {
         "ParameterKey": "AppSourceGitRepo",
         "ParameterValue": "app-source-repo"
   },
   {
         "ParameterKey": "PackerAMIBuilderRepo",
         "ParameterValue": "packer"
   },
   {
         "ParameterKey": "AppTestSuiteRepo",
         "ParameterValue": "testsuite"
   },
   {
         "ParameterKey": "AppBranchName",
         "ParameterValue": "master"
   },
   {
         "ParameterKey": "PackerBranchName",
         "ParameterValue": "master"
   },
   {
         "ParameterKey": "LambdaSourceRepo",
         "ParameterValue": "image-resize-prod"
   },
   {
         "ParameterKey": "ImgResizeStack",
         "ParameterValue": "EdgeLambda-prod"
   }
]
