{
    "variables": {
        "commit": "{{env `CODEBUILD_RESOLVED_SOURCE_VERSION`}}"
    },
    "builders": [{
        "type": "amazon-ebs",
        "region": "eu-west-1",
        "instance_type": "t2.micro",
        "associate_public_ip_address": "true",
        "ssh_username": "admin",
        "ami_name": "web-server01-{{isotime | clean_ami_name}}",
        "ami_description": "EC2 AMI Debian 9 Latest",
        "source_ami_filter": {
            "filters": {
                "virtualization-type": "hvm",
                "name": "debian-stretch-hvm-x86_64-gp2*",
                "root-device-type": "ebs"
            },
            "owners": ["379101102735"],
            "most_recent": true
        },
        "tags": {
            "Name": "web-server01-{{isotime | clean_ami_name}}",
            "Packer": "true",
            "Pipeline": "Packer",
            "Commit": "{{user `commit`}}"
        },
        "snapshot_tags": {
            "Name": "web-server01-{{isotime | clean_ami_name}}",
            "Packer": "true",
            "Pipeline": "Packer",
            "Commit": "{{user `commit`}}"
        }
    }],
    "provisioners": [{
        "type": "shell",
        "inline":[
            "sudo apt-get install python-pip python-dev -y",
            "sudo pip install awscli",
            "sudo pip install ansible",
            "sudo localectl set-locale LANG=en_US.utf8",
            "sudo mkdir -p /var/www",
            "sudo mkdir -p /var/log/www-data",
            "sudo chown admin:admin /var/www",
            "sudo chown www-data:www-data /var/log/www-data"
        ]},
        
        {
            "type": "ansible-local",
            "playbook_file": "ansible/playbook.yml",
            "playbook_dir": "ansible",
			"extra_arguments": "--extra-vars 'gitUser={{user `gitUser`}} gitPwd={{user `gitPwd`}}'"
        },
        {
            "type": "shell",
            "inline":[
                "sudo chown www-data:www-data /var/www/bold_com/core/plugins/htmlpurifier-4.9.3/library/HTMLPurifier/DefinitionCache/Serializer"
            ]}

    ]
}
