{
    "Parameters": {
        "CrossReferenceStackName": "infra-stage",
        "S3ArtifactStore": "stage-bolddk-artifact",
        "EnvironmentName": "stage",
        "ImageId": "<<AMI-ID>>",
        "SSHKey": "bolddkstage",
        "LightsOnTimeInCronTabFrm": "10 19 5 6 *",
        "LightsOutTimeInCronTabFrm": "50 19 5 6 *",
        "DatabaseEndpoint": "db-endpoint-address-stage",
        "DatabaseReaderEndpoint": "db-read-endpoint-address-stage",
        "DatabaseUsername": "app-user-stage",
        "DatabasePassword": "app-password-stage",
        "MemcacheEnpoint": "memcache-endpoint-address-stage",
        "MemcachePort": "memcache-endpoint-port-stage",
		"DomainName": "domain-stage",
        "InstanceType": "t2.medium",
        "MaxSize": "12",
        "DesiredCapacity": "1",
        "SCMinSize": "4",
		"AccessKeyId": "AccessKeyId",
		"SecretAccessKeyId": "SecretAccessKeyId",
		"S3Bucket": "stage-static-bolddk",
		"S3BucketMobile": "stage-static-mobil-bolddk",
		"S3BucketTmp": "tmp-bolddk-stage"
		
    }
}