{
    "Parameters": {
        "CFTemplateRepo": "infra",
        "S3ArtifactStore": "prod-bolddk-artifact",
        "DatabaseUsername": "db-user-prod",
        "DatabasePassword": "db-password-prod",
        "VPCCIDR": "10.11.0.0/16",
        "PublicSubnet1CIDR": "10.11.0.0/21",
        "PublicSubnet2CIDR": "10.11.8.0/21",
        "BastionSubnetCIDR": "10.11.120.0/21",
        "PrivateSubnet1CIDR": "10.11.128.0/19",
        "PrivateSubnet2CIDR": "10.11.160.0/19",
        "TagPrefix": "BoldProd",
        "Env": "prod",
        "Role": "Net",
        "AppId": "Bolddk",
        "DBInstanceType": "db.r4.xlarge",
        "BackupRetentionPeriod": "7",
        "SnapshotArn": "arn:aws:rds:eu-central-1:553687483323:cluster-snapshot:pipeline-aurora56db-1r0yugw7mbap9-snapshot-pipeline-aurora56db-1r0yugw7mbap9-databasecluster-1f5dbvd8y6k10-lzi7q8w1vymr",
        "CacheNodeType": "cache.m4.large",
        "S3EdgeLambdaArtifactStore": "prod-bolddk-lambda-artifact",
        "PrivateSubnetCodeBuildCIDR":"10.11.224.0/24",
        "NatInstanceType": "t2.micro",
        "NATInstanceKeyPair":"bolddprod",
        "KeyPair": "bolddprod",
        "AppSourceGitRepo": "app-source",
        "PackerAMIBuilderRepo": "packer-prod",
        "AppTestSuiteRepo": "testsuite",
        "AppBranchName": "master",
        "PackerBranchName": "master",
        "LambdaSourceRepo": "image-resize-prod",
        "ImgResizeStack": "EdgeLambda-prod"
    }
}
