{
    "Parameters": {
        "CFTemplateRepo": "infra",
        "S3ArtifactStore": "stage-bolddk-artifact",
        "DatabaseUsername": "db-user-stage",
        "DatabasePassword": "db-password-stage",
        "VPCCIDR": "10.33.0.0/16",
        "PublicSubnet1CIDR": "10.33.0.0/21",
        "PublicSubnet2CIDR": "10.33.8.0/21",
        "BastionSubnetCIDR": "10.33.120.0/21",
        "PrivateSubnet1CIDR": "10.33.128.0/19",
        "PrivateSubnet2CIDR": "10.33.160.0/19",
        "TagPrefix": "BoldStage",
        "Env": "stage",
        "Role": "Net",
        "AppId": "Bolddk",
        "DBInstanceType": "db.t2.small",
        "BackupRetentionPeriod": "3",
        "SnapshotArn": "arn:aws:rds:eu-central-1:553687483323:cluster-snapshot:rds:infra-prod-aurora56db-14u76wn5mqb-databasecluster-oxliyh5ptyu1-2018-09-17-01-04",
        "CacheNodeType": "cache.m4.large",
        "S3EdgeLambdaArtifactStore": "stage-bolddk-lambda-artifact",
        "PrivateSubnetCodeBuildCIDR":"10.33.224.0/24",
        "NatInstanceType": "t2.micro",
        "NATInstanceKeyPair":"bolddkstage",
        "KeyPair": "bolddkstage",
        "AppSourceGitRepo": "app-source",
        "PackerAMIBuilderRepo": "packer-stage",
        "AppTestSuiteRepo": "testsuite",
        "AppBranchName": "developer",
        "PackerBranchName": "master",
        "LambdaSourceRepo": "image-resize-stage",
        "ImgResizeStack": "EdgeLambda-stage"
    }
}
