[
    {
        "ParameterKey": "CFTemplateRepo",
        "ParameterValue": "infra"
    },
    {
        "ParameterKey": "S3ArtifactStore",
        "ParameterValue": "stage-bolddk-artifact"
    },
    {
        "ParameterKey": "DatabaseUsername",
        "ParameterValue": "db-user-stage"
    },
    {
        "ParameterKey": "DatabasePassword",
        "ParameterValue": "db-password-stage"
    },
    {
        "ParameterKey": "VPCCIDR",
        "ParameterValue": "10.33.0.0/16"
  },
  {
        "ParameterKey": "PublicSubnet1CIDR",
        "ParameterValue": "10.33.0.0/21"
  },
  {
        "ParameterKey": "PublicSubnet2CIDR",
        "ParameterValue": "10.33.8.0/21"
  },
  {
        "ParameterKey": "BastionSubnetCIDR",
        "ParameterValue": "10.33.120.0/21"
  },
  {
        "ParameterKey": "PrivateSubnet1CIDR",
        "ParameterValue": "10.33.128.0/19"
  },
  {
        "ParameterKey": "PrivateSubnet2CIDR",
        "ParameterValue": "10.33.160.0/19"
  },
  {
        "ParameterKey": "TagPrefix",
         "ParameterValue": "BoldStage"
  },
  {
         "ParameterKey": "Env",
         "ParameterValue": "stage"
  },
  {
        "ParameterKey": "Role",
         "ParameterValue": "Net"
  },
  {
         "ParameterKey": "AppId",
         "ParameterValue": "Bolddk"
  },
  {
         "ParameterKey": "DBInstanceType",
         "ParameterValue": "db.t2.small"
  },
  {
         "ParameterKey": "BackupRetentionPeriod",
         "ParameterValue": "3"
  },
  {
         "ParameterKey": "SnapshotArn",
         "ParameterValue": "arn:aws:rds:eu-central-1:553687483323:cluster-snapshot:rds:infra-prod-aurora56db-14u76wn5mqb-databasecluster-oxliyh5ptyu1-2018-09-17-01-04"
  },
  {
         "ParameterKey": "CacheNodeType",
         "ParameterValue": "cache.m4.large"
  },
  {
         "ParameterKey": "S3EdgeLambdaArtifactStore",
         "ParameterValue": "stage-bolddk-lambda-artifact"
  },
  {
         "ParameterKey": "PrivateSubnetCodeBuildCIDR",
         "ParameterValue": "10.33.224.0/24"
  },
  {
         "ParameterKey": "NatInstanceType",
         "ParameterValue": "t2.micro"
   },
   {
         "ParameterKey": "NATInstanceKeyPair",
         "ParameterValue": "bolddkstage"
   },
   {
         "ParameterKey": "KeyPair",
         "ParameterValue": "bolddkstage"
   },
   {
         "ParameterKey": "AppSourceGitRepo",
         "ParameterValue": "app-source"
   },
   {
         "ParameterKey": "PackerAMIBuilderRepo",
         "ParameterValue": "packer-stage"
   },
   {
         "ParameterKey": "AppTestSuiteRepo",
         "ParameterValue": "testsuite"
   },
   {
         "ParameterKey": "AppBranchName",
         "ParameterValue": "developer"
   },
   {
         "ParameterKey": "PackerBranchName",
         "ParameterValue": "master"
   },
   {
         "ParameterKey": "LambdaSourceRepo",
         "ParameterValue": "image-resize-stage"
   },
   {
         "ParameterKey": "ImgResizeStack",
         "ParameterValue": "EdgeLambda-stage"
   }
]
