[
    {
        "ParameterKey": "CFTemplateRepo",
        "ParameterValue": "infra"
    },
    {
        "ParameterKey": "S3ArtifactStore",
        "ParameterValue": "prod-bolddk-artifact"
    },
    {
        "ParameterKey": "DatabaseUsername",
        "ParameterValue": "db-user-prod"
    },
    {
        "ParameterKey": "DatabasePassword",
        "ParameterValue": "db-password-prod"
    },
    {
        "ParameterKey": "VPCCIDR",
        "ParameterValue": "10.11.0.0/16"
  },
  {
        "ParameterKey": "PublicSubnet1CIDR",
        "ParameterValue": "10.11.0.0/21"
  },
  {
        "ParameterKey": "PublicSubnet2CIDR",
        "ParameterValue": "10.11.8.0/21"
  },
  {
        "ParameterKey": "BastionSubnetCIDR",
        "ParameterValue": "10.11.120.0/21"
  },
  {
        "ParameterKey": "PrivateSubnet1CIDR",
        "ParameterValue": "10.11.128.0/19"
  },
  {
        "ParameterKey": "PrivateSubnet2CIDR",
        "ParameterValue": "10.11.160.0/19"
  },
  {
        "ParameterKey": "TagPrefix",
         "ParameterValue": "BoldProd"
  },
  {
         "ParameterKey": "Env",
         "ParameterValue": "prod"
  },
  {
        "ParameterKey": "Role",
         "ParameterValue": "Net"
  },
  {
         "ParameterKey": "AppId",
         "ParameterValue": "Bolddk"
  },
  {
         "ParameterKey": "DBInstanceType",
         "ParameterValue": "db.r4.xlarge"
  },
  {
         "ParameterKey": "BackupRetentionPeriod",
         "ParameterValue": "7"
  },
  {
         "ParameterKey": "SnapshotArn",
         "ParameterValue": "arn:aws:rds:eu-central-1:553687483323:cluster-snapshot:pipeline-aurora56db-1r0yugw7mbap9-snapshot-pipeline-aurora56db-1r0yugw7mbap9-databasecluster-1f5dbvd8y6k10-lzi7q8w1vymr"
  },
  {
         "ParameterKey": "CacheNodeType",
         "ParameterValue": "cache.m4.large"
  },
  {
         "ParameterKey": "S3EdgeLambdaArtifactStore",
         "ParameterValue": "prod-bolddk-lambda-artifact"
  },
  {
         "ParameterKey": "PrivateSubnetCodeBuildCIDR",
         "ParameterValue": "10.11.224.0/24"
  },
  {
         "ParameterKey": "NatInstanceType",
         "ParameterValue": "t2.micro"
   },
   {
         "ParameterKey": "NATInstanceKeyPair",
         "ParameterValue": "bolddprod"
   },
   {
         "ParameterKey": "KeyPair",
         "ParameterValue": "bolddprod"
   },
   {
         "ParameterKey": "AppSourceGitRepo",
         "ParameterValue": "app-source"
   },
   {
         "ParameterKey": "PackerAMIBuilderRepo",
         "ParameterValue": "packer-prod"
   },
   {
         "ParameterKey": "AppTestSuiteRepo",
         "ParameterValue": "testsuite"
   },
   {
         "ParameterKey": "AppBranchName",
         "ParameterValue": "master"
   },
   {
         "ParameterKey": "PackerBranchName",
         "ParameterValue": "master"
   },
   {
         "ParameterKey": "LambdaSourceRepo",
         "ParameterValue": "image-resize-prod"
   },
   {
         "ParameterKey": "ImgResizeStack",
         "ParameterValue": "EdgeLambda-prod"
   }
]
