[
    {
        "ParameterKey": "S3ArtifactStore",
        "ParameterValue": "bolddkprod-account-automation-artifactory"
    },
    {
        "ParameterKey": "InitialSubscriberEmail",
        "ParameterValue": "pravin.mishra@eficode.com"
    },
    {
        "ParameterKey": "BillingThreshold",
        "ParameterValue": "100"
    },
    {
        "ParameterKey": "LoggingBucket",
        "ParameterValue": "bolddk-cloudtraillogs"
    },
    {
        "ParameterKey": "GroupName",
        "ParameterValue": "CloudTrail/DefaultLogGroup"
    },
    {
        "ParameterKey": "TagPrefix",
        "ParameterValue": "BoldNP"
    },
    {
        "ParameterKey": "Env",
        "ParameterValue": "NP"
    },
    {
        "ParameterKey": "Role",
        "ParameterValue": "Act"
    },
    {
        "ParameterKey": "AppId",
        "ParameterValue": "Bolddk"
    }
]
