{
    "Parameters": {
        "CrossReferenceStackName": "infra-prod",
        "S3ArtifactStore": "bolddkprod",
        "EnvironmentName": "prod",
        "ImageId": "<<AMI-ID>>",
        "SSHKey": "boldprod",
        "LightsOnTimeInCronTabFrm": "10 19 5 6 *",
        "LightsOutTimeInCronTabFrm": "50 19 5 6 *",
        "DatabaseEndpoint": "db-endpoint-address-prod",
        "DatabaseReaderEndpoint": "db-read-endpoint-address-prod",
        "DatabaseUsername": "app-user-prod",
        "DatabasePassword": "app-password-prod",
        "MemcacheEnpoint": "memcache-endpoint-address-prod",
        "MemcachePort": "memcache-endpoint-port-prod",
        "DomainName": "domain-prod",
        "InstanceType": "t2.micro",
        "MaxSize": "12",
        "DesiredCapacity": "1",
        "SCMinSize": "4",
		"CrossReferenceStackName1": "Sns-Notifications-prod"
    }
}